experiment,model,view,control,return_start,return_end,months,weight_rows,mean_annual,volatility_annual,sharpe_annual,maximum_drawdown,gross_leverage,maximum_absolute_net_weight,turnover_monthly,prediction_mse,prediction_r2_zero,trading_costs_included,delta_sharpe_vs_control,parent_control,delta_sharpe_vs_parent,producer_seconds
C01,ridge_net_neutral,ORIGINAL covariance10% Markowitz,P01/markowitz_ridge,1990-01-31,2023-12-31,408,885698,0.246465080513763,0.11435898680483968,2.1551876892226245,0.2924594640235373,8.414737849910066,1.5361843741512615e-14,5.611016193018325,0.017864775587847517,0.0029321317628476784,False,0.016353485788581423,P01/markowitz_ridge,0.016353485788581423,22.296293499995954
C01,ridge_industry_neutral,ORIGINAL covariance10% Markowitz,ridge_net_neutral,1990-01-31,2023-12-31,408,885698,0.24438772048115143,0.1126576739442349,2.1692949261682997,0.2934574728405499,8.458216386926132,6.706241464926599e-13,5.640222836992712,0.017864775587847517,0.0029321317628476784,False,0.014107236945675172,P01/markowitz_ridge,0.030460722734256596,22.296293499995954
C01,xgboost_net_neutral,ORIGINAL covariance10% Markowitz,P01/markowitz_ml,1990-01-31,2023-12-31,408,885698,0.3261995224018841,0.16339955904407924,1.9963304938533364,0.2909720154878589,10.5658870151398,6.581540867856006e-15,8.275349696176644,0.017858480446386764,0.003283475850303974,False,-0.34525968820740616,P01/markowitz_ml,-0.34525968820740616,22.296293499995954
C01,xgboost_industry_neutral,ORIGINAL covariance10% Markowitz,xgboost_net_neutral,1990-01-31,2023-12-31,408,885698,0.3276955227765738,0.16284577617512894,2.0123059404633303,0.2965136270912766,10.623202355707605,2.328981191929147e-13,8.316423607520269,0.017858480446386764,0.003283475850303974,False,0.01597544660999395,P01/markowitz_ml,-0.3292842415974122,22.296293499995954
C02,ridge_penalized_markowitz,ORIGINAL covariance10% Markowitz,P01/markowitz_ridge,1990-01-31,2023-12-31,408,885698,0.27917846674502467,0.12918028402919113,2.161153838939835,0.3503252330871913,5.709602727988787,2.0020776344878937,4.00500002325218,0.017864775587847517,0.0029321317628476784,False,0.022319635505791968,P01/markowitz_ridge,0.022319635505791968,39.3481696669478
C02,penalized_minimum_variance,native net-one MVP,P01/minimum_variance,1990-01-31,2023-12-31,408,885698,0.08766902965115658,0.0936804605095107,0.9358304728044775,0.2387197069647633,3.2051599634982875,1.0000000000000029,2.122404997949859,,,False,-0.012618137159646992,P01/minimum_variance,-0.012618137159646992,39.3481696669478
C02,xgboost_penalized_markowitz,ORIGINAL covariance10% Markowitz,P01/markowitz_ml,1990-01-31,2023-12-31,408,885698,0.36365503761273243,0.14901400524559777,2.4404084502887735,0.2861348920846398,6.7916800391064065,2.3182811253349094,5.397081682519252,0.017858480446386764,0.003283475850303974,False,0.09881826822803097,P01/markowitz_ml,0.09881826822803097,39.3481696669478
C02_WIDE,penalized_minimum_variance,native net-one MVP,P01/minimum_variance,1990-01-31,2023-12-31,408,885698,0.08734509394844274,0.09328868982420684,0.9362881407492784,0.23810181919715667,3.1318042800265466,1.0000000000000038,2.056693511594705,,,False,-0.012160469214846148,P01/minimum_variance,-0.012160469214846148,596.7752540409565
C02_WIDE,ridge_penalized_markowitz,ORIGINAL covariance10% Markowitz,P01/markowitz_ridge,1990-01-31,2023-12-31,408,885698,0.2750206883283054,0.1278928911785048,2.150398554556476,0.3483504388275569,5.52810005467457,2.048362304547707,3.8371142367597453,0.017864775587847517,0.0029321317628476784,False,0.011564351122432814,P01/markowitz_ridge,0.011564351122432814,596.7752540409565
C02_WIDE,xgboost_penalized_markowitz,ORIGINAL covariance10% Markowitz,P01/markowitz_ml,1990-01-31,2023-12-31,408,885698,0.35721422376922496,0.14814451574419443,2.411255131347808,0.28055161521076444,6.565434117719621,2.3164501508747013,5.189456718571841,0.017858480446386764,0.003283475850303974,False,0.06966494928706535,P01/markowitz_ml,0.06966494928706535,596.7752540409565
C03,markowitz_ml_timed,"ORIGINAL covariance, variable10%/5% budget",P01/markowitz_ml,1990-01-31,2023-12-31,408,885698,0.32568471734009874,0.14376664004630957,2.2653705841298817,0.3310511584607225,8.624510026190421,2.2913494475990817,7.031787208181699,0.017858480446386764,0.003283475850303974,False,-0.07621959793086086,P01/markowitz_ml,-0.07621959793086086,8.984504084044602
C04,equal_sleeves,industry-contained net-zero sleeves; final ORIGINAL covariance10%,P01/markowitz_ml; C01 joint industry constraint is secondary,1990-01-31,2023-12-31,408,885698,0.25101359507849186,0.11720044310938378,2.141746126712333,0.2730857779949004,6.541772165727485,1.5543122344752192e-15,4.864568964450949,0.017858480446386764,0.003283475850303974,False,-0.19984405534840954,P01/markowitz_ml,-0.19984405534840954,9.64110258303117
C05,minimum_sleeves,industry-contained net-zero sleeves; final ORIGINAL covariance10%,P01/markowitz_ml; C01 joint industry constraint is secondary,1990-01-31,2023-12-31,408,885698,0.24492407471489847,0.11496585811023814,2.1304070507615083,0.2812194868159015,6.397065684155653,1.7763568394002505e-15,4.793346081415158,0.017858480446386764,0.003283475850303974,False,-0.21118313129923427,P01/markowitz_ml,-0.21118313129923427,9.31190637499094
C06,markowitz_sleeves,industry-contained net-zero sleeves; final ORIGINAL covariance10%,P01/markowitz_ml; C01 joint industry constraint is secondary,1990-01-31,2023-12-31,408,885698,0.273534732088897,0.12660553490703652,2.160527438944491,0.21127673143911951,6.710779048407088,1.4675760606763788e-15,5.120486111055192,0.017858480446386764,0.003283475850303974,False,-0.18106274311625148,P01/markowitz_ml,-0.18106274311625148,9.23848691699095
H01,dense_ridge_deciles,equal-weight deciles; no fixed volatility budget,P01/ridge,1990-01-31,2023-12-31,408,885698,0.14131581635243573,0.18919138002426159,0.7469463795565825,0.5334848836866899,1.9999999999999982,5.377642775528102e-17,1.4195745549294534,0.017863608175137706,0.002997287336518384,False,0.007235982401227803,P01/ridge,0.007235982401227803,30.456636957998853
H01,dense_ridge_markowitz,ORIGINAL covariance10% Markowitz,P01/markowitz_ridge,1990-01-31,2023-12-31,408,885698,0.28757172145159965,0.13878081752633822,2.0721287464459808,0.4613754145197142,7.919571086460673,2.2544093848403044,5.7856510980227425,0.017863608175137706,0.002997287336518384,False,-0.0667054569880623,P01/markowitz_ridge,-0.0667054569880623,30.456636957998853
P01,ridge,equal-weight deciles; no fixed volatility budget,baseline control,1990-01-31,2023-12-31,408,885698,0.14180481169411407,0.1917031479338962,0.7397103971553547,0.5462414495777278,1.9999999999999982,5.377642775528102e-17,1.4327526762557419,0.017864775587847517,0.0029321317628476784,False,0.0,P01/ridge,0.0,3253.6134718329995
P01,factor_ml,equal-weight deciles; no fixed volatility budget,baseline control,1990-01-31,2023-12-31,408,885698,0.1433100802717554,0.20358556332707106,0.7039304650571913,0.5915207946020113,1.9999999999999987,2.796374243274613e-15,1.6060222628505203,0.017858480446386764,0.003283475850303974,False,0.0,P01/factor_ml,0.0,3253.6134718329995
P01,minimum_variance,native net-one MVP,baseline control,1990-01-31,2023-12-31,408,885698,0.0923901084037031,0.09741182330078779,0.9484486099641245,0.2525759628344054,4.368120880668365,1.0000000000000036,3.0908474107352135,,,False,0.0,P01/minimum_variance,0.0,3253.6134718329995
P01,markowitz_ridge,ORIGINAL covariance10% Markowitz,baseline control,1990-01-31,2023-12-31,408,885698,0.2910467801546279,0.1360772984120661,2.138834203434043,0.3838064294171051,7.9365489385096755,2.24744188793188,5.7881404858998176,0.017864775587847517,0.0029321317628476784,False,0.0,P01/markowitz_ridge,0.0,3253.6134718329995
P01,markowitz_ml,ORIGINAL covariance10% Markowitz,baseline control,1990-01-31,2023-12-31,408,885698,0.36765201835808237,0.15700954897006192,2.3415901820607425,0.3040612413066942,9.660063853707117,2.2913494475990817,7.750182883613689,0.017858480446386764,0.003283475850303974,False,0.0,P01/markowitz_ml,0.0,3253.6134718329995
P02,equal_ensemble_deciles,equal-weight deciles; no fixed volatility budget,P01/factor_ml,1990-01-31,2023-12-31,408,885698,0.15230760504020754,0.2057879471014738,0.7401191721160658,0.610231065951025,1.9999999999999982,7.979727989493313e-17,1.524271622584242,0.01785628382217042,0.0034060737197224578,False,0.03618870705887456,P01/factor_ml,0.03618870705887456,12.462433667038567
P02,equal_ensemble_markowitz,ORIGINAL covariance10% Markowitz,P01/markowitz_ml,1990-01-31,2023-12-31,408,885698,0.37783737657113897,0.14537288747266255,2.599091090091964,0.2970262235043728,8.639517803566743,2.1684166561008573,6.675726897036595,0.01785628382217042,0.0034060737197224578,False,0.2575009080312216,P01/markowitz_ml,0.2575009080312216,12.462433667038567
P03,factor_ml,equal-weight deciles; no fixed volatility budget,P01/factor_ml,1990-01-31,2023-12-31,408,885698,0.11999760398083999,0.17792476760365794,0.6744288925988344,0.579129566247826,1.9999999999999982,5.776629175002768e-16,1.6275081606637882,0.0178685076914916,0.002723835800430119,False,-0.02950157245835683,P01/factor_ml,-0.02950157245835683,2499.6189013339463
P03,markowitz_ml,ORIGINAL covariance10% Markowitz,P01/markowitz_ml,1990-01-31,2023-12-31,408,885698,0.24956702835713696,0.1320447519573133,1.890018532791183,0.3483341164935797,9.897700155563724,2.1774871682131307,7.676294302720261,0.0178685076914916,0.002723835800430119,False,-0.4515716492695596,P01/markowitz_ml,-0.4515716492695596,2499.6189013339463
P05,factor_ml,equal-weight deciles; no fixed volatility budget,P01/factor_ml,1990-01-31,2023-12-31,408,885698,0.14885694917213094,0.22041229833489293,0.6753568212693772,0.547092985546906,1.999999999999998,4.160734257130372e-15,1.6189320459438943,0.01788056850717905,0.002050698221536029,False,-0.028573643787814018,P01/factor_ml,-0.028573643787814018,21095.81612987502
P05,markowitz_ml,ORIGINAL covariance10% Markowitz,P01/markowitz_ml,1990-01-31,2023-12-31,408,885698,0.3488730758984714,0.15933871689278203,2.189505995163911,0.2971740379683526,9.545332127821604,2.25833851638088,7.746726470023604,0.01788056850717905,0.002050698221536029,False,-0.15208418689683167,P01/markowitz_ml,-0.15208418689683167,21095.81612987502
P06,factor_ml,equal-weight deciles; no fixed volatility budget,P01/factor_ml,1990-01-31,2023-12-31,408,885698,0.1598530924737316,0.21087191599678048,0.7580577608834937,0.5466524797889387,1.9999999999999982,1.6618650899857812e-15,1.6982192817490291,0.017852526320906677,0.003615787172685514,False,0.05412729582630249,P01/factor_ml,0.05412729582630249,1075.5419473340153
P06,markowitz_ml,ORIGINAL covariance10% Markowitz,P01/markowitz_ml,1990-01-31,2023-12-31,408,885698,0.35592243771628784,0.1559474794894893,2.2823224772945214,0.31554480622317505,9.732302609647627,2.164072900431633,8.088981368674618,0.017852526320906677,0.003615787172685514,False,-0.05926770476622112,P01/markowitz_ml,-0.05926770476622112,1075.5419473340153
P07,factor_ml,equal-weight deciles; no fixed volatility budget,P01/factor_ml,1990-01-31,2023-12-31,408,885698,0.18353722136396008,0.16195458080416983,1.133263538781205,0.5440410596708655,1.999999999999998,4.85722573273506e-17,2.3605839347933353,0.01788151965687306,0.001997612707356655,False,0.42933307372401364,P01/factor_ml,0.42933307372401364,31.001315416011494
P07,markowitz_ml,ORIGINAL covariance10% Markowitz,P01/markowitz_ml,1990-01-31,2023-12-31,408,885698,0.39348829491228204,0.11462076237738207,3.432958276937167,0.11613462552212994,8.662107174127087,0.7755477570619592,7.176611262693902,0.01788151965687306,0.001997612707356655,False,1.0913680948764246,P01/markowitz_ml,1.0913680948764246,31.001315416011494
P08,factor_ml,equal-weight deciles; no fixed volatility budget,P01/factor_ml,1990-01-31,2023-12-31,408,885698,0.2075838436752973,0.15114067569222622,1.37344790027278,0.49491004021859164,1.999999999999998,4.85722573273506e-17,2.4758431716363525,0.01786796967475548,0.002753863560785552,False,0.6695174352155887,P01/factor_ml,0.6695174352155887,43.39109237497905
P08,markowitz_ml,ORIGINAL covariance10% Markowitz,P01/markowitz_ml,1990-01-31,2023-12-31,408,885698,0.39999474447165206,0.11508854470862184,3.475539164078825,0.10254758431427724,8.623807884874092,0.7770985111381584,7.5181059032049005,0.01786796967475548,0.002753863560785552,False,1.1339489820180826,P01/markowitz_ml,1.1339489820180826,43.39109237497905
P08_SIX,factor_ml,equal-weight deciles; no fixed volatility budget,P01/factor_ml,1990-01-31,2023-12-31,408,885698,0.20029673696399242,0.15326068128764672,1.3069023005846245,0.5021228584705233,1.999999999999998,4.85722573273506e-17,2.4775051043541665,0.017880905874303438,0.002031869106226325,False,0.6029718355274333,P01/factor_ml,0.6029718355274333,42.34528891602531
P08_SIX,markowitz_ml,ORIGINAL covariance10% Markowitz,P01/markowitz_ml,1990-01-31,2023-12-31,408,885698,0.39530404921436935,0.1145284893310607,3.451578306177491,0.09478867098323873,8.626130405856355,0.7774434372751293,7.517218021406973,0.017880905874303438,0.002031869106226325,False,1.1099881241167484,P01/markowitz_ml,1.1099881241167484,42.34528891602531
R01,minimum_variance_native,native net-one MVP,P01/minimum_variance,1990-01-31,2023-12-31,408,885698,0.09305444621662781,0.16480560243737807,0.564631571017048,0.48859646814547397,2.3149420325396983,1.0000000000000038,0.89712687834336,0.017858480446386764,0.003283475850303974,False,-0.3838170389470765,P01/minimum_variance,-0.3838170389470765,1261.8120592909981
R01,markowitz_xgboost_native,variant covariance10%,P01/markowitz_ml,1990-01-31,2023-12-31,408,885698,0.5025314855795292,0.5422411114902326,0.9267675853614824,0.8973457398229578,10.073086132057535,9.012862492978565,6.202688969078503,0.017858480446386764,0.003283475850303974,False,-1.4148225966992602,P01/markowitz_ml,-1.4148225966992602,1261.8120592909981
R01,markowitz_xgboost_reference,ORIGINAL covariance10%,P01/markowitz_ml,1990-01-31,2023-12-31,408,885698,0.1252147733299065,0.12622813097636149,0.9919720141729361,0.31817065241342135,2.8073997333983582,1.6498009961039395,1.8376999445409092,0.017858480446386764,0.003283475850303974,False,-1.3496181678878063,P01/markowitz_ml,-1.3496181678878063,1261.8120592909981
R02,minimum_variance_native,native net-one MVP,P01/minimum_variance,1990-01-31,2023-12-31,408,885698,0.09237985827077953,0.09741507102759106,0.9483117683568142,0.25257769149455445,4.368177270735969,1.0000000000000033,3.0909262813875484,0.017858480446386764,0.003283475850303974,False,-0.0001368416073103118,P01/minimum_variance,-0.0001368416073103118,1089.4004374999786
R02,markowitz_xgboost_native,variant covariance10%,P01/markowitz_ml,1990-01-31,2023-12-31,408,885698,0.36770931234052906,0.15704032842382304,2.3414960732134302,0.3040161474027101,9.660581933731882,2.2913039266067847,7.750940442859697,0.017858480446386764,0.003283475850303974,False,-9.410884731231306e-05,P01/markowitz_ml,-9.410884731231306e-05,1089.4004374999786
R02,markowitz_xgboost_reference,ORIGINAL covariance10%,P01/markowitz_ml,1990-01-31,2023-12-31,408,885698,0.3676211114660204,0.1570055658725088,2.3414527340039335,0.3040203277921165,9.65952841210072,2.2911687068049216,7.74995327391894,0.017858480446386764,0.003283475850303974,False,-0.00013744805680904193,P01/markowitz_ml,-0.00013744805680904193,1089.4004374999786
R03,native_minimum_variance_reference,ORIGINAL covariance10%; reference-scaled MVP is not net-one,reference-scaled control,1990-01-31,2023-12-31,408,885698,0.1486304063275079,0.15649830571500162,0.9497253382293996,0.3995122360467316,7.101007618460012,2.895530232811483,4.948764187744882,,,False,0.0,R03/original MVP reference-scaled (not net-one),0.0,78.04610629205126
R03,native_markowitz_ridge_reference,ORIGINAL covariance10%,reference-scaled control,1990-01-31,2023-12-31,408,885698,0.2910467801546279,0.13607729841206606,2.1388342034340435,0.38380642941710574,7.936548938509676,2.2474418879318785,5.788140485899817,0.017864775587847517,0.0029321317628476784,False,0.0,P01/markowitz_ridge,4.440892098500626e-16,78.04610629205126
R03,native_markowitz_xgboost_reference,ORIGINAL covariance10%,reference-scaled control,1990-01-31,2023-12-31,408,885698,0.36765201835808237,0.15700954897006192,2.3415901820607425,0.3040612413066941,9.660063853707117,2.291349447599081,7.750182883613689,0.017858480446386764,0.003283475850303974,False,0.0,P01/markowitz_ml,0.0,78.04610629205126
R03,uniform_empirical_minimum_variance_native,native net-one MVP,P01/minimum_variance,1990-01-31,2023-12-31,408,885698,0.09733364514223039,0.09396950256098414,1.0358003659651491,0.272704971510915,4.386784834154747,1.000000000000003,3.097163719109824,,,False,0.08735175600102463,P01/minimum_variance,0.08735175600102463,78.04610629205126
R03,uniform_empirical_minimum_variance_reference,ORIGINAL covariance10%; reference-scaled MVP is not net-one,native_minimum_variance_reference,1990-01-31,2023-12-31,408,885698,0.13383776008274073,0.12705306524965887,1.0534004812851225,0.2957044569361227,6.348857150092731,2.4316214519798525,4.47372505251432,,,False,0.1036751430557229,R03/original MVP reference-scaled (not net-one),0.1036751430557229,78.04610629205126
R03,uniform_empirical_markowitz_ridge_native,variant covariance10%,P01/markowitz_ridge,1990-01-31,2023-12-31,408,885698,0.285631158584637,0.1207077155299469,2.3663040703787783,0.37758662160617396,7.211684645118283,1.4452583785448008,5.186561544535783,0.017864775587847517,0.0029321317628476784,False,0.22746986694473526,P01/markowitz_ridge,0.22746986694473526,78.04610629205126
R03,uniform_empirical_markowitz_ridge_reference,ORIGINAL covariance10%,native_markowitz_ridge_reference,1990-01-31,2023-12-31,408,885698,0.26996983742831376,0.11010517756521905,2.451926815779407,0.32825140069807124,7.00958472565735,1.6832039587734657,5.056333641454049,0.017864775587847517,0.0029321317628476784,False,0.31309261234536345,P01/markowitz_ridge,0.3130926123453639,78.04610629205126
R03,uniform_empirical_markowitz_xgboost_native,variant covariance10%,P01/markowitz_ml,1990-01-31,2023-12-31,408,885698,0.363888654582012,0.15350252882868443,2.370571073706074,0.21582449826349992,9.602703548726337,1.3740823814285645,7.7532986244805,0.017858480446386764,0.003283475850303974,False,0.028980891645331575,P01/markowitz_ml,0.028980891645331575,78.04610629205126
R03,uniform_empirical_markowitz_xgboost_reference,ORIGINAL covariance10%,native_markowitz_xgboost_reference,1990-01-31,2023-12-31,408,885698,0.35233703143892525,0.1462866584519398,2.4085383805159517,0.20647373061896812,9.522326510178129,1.4472900703424152,7.68483814117658,0.017858480446386764,0.003283475850303974,False,0.06694819845520916,P01/markowitz_ml,0.06694819845520916,78.04610629205126
R03,ledoit_wolf_minimum_variance_native,native net-one MVP,uniform_empirical_minimum_variance_native,1990-01-31,2023-12-31,408,885698,0.08794240222831189,0.10351406420038298,0.849569601074426,0.30166327206687993,4.40989263276828,1.0000000000000038,3.16221814770401,,,False,-0.1862307648907231,P01/minimum_variance,-0.09887900888969847,78.04610629205126
R03,ledoit_wolf_minimum_variance_reference,ORIGINAL covariance10%; reference-scaled MVP is not net-one,uniform_empirical_minimum_variance_reference,1990-01-31,2023-12-31,408,885698,0.11847901603627717,0.1410342384536561,0.8400727180528537,0.385129276075327,6.372334861979873,2.3365568233479888,4.57337755329999,,,False,-0.21332776323226887,R03/original MVP reference-scaled (not net-one),-0.10965262017654598,78.04610629205126
R03,ledoit_wolf_markowitz_ridge_native,variant covariance10%,uniform_empirical_markowitz_ridge_native,1990-01-31,2023-12-31,408,885698,0.2113304214980642,0.10711298673799899,1.9729673117507556,0.33719060837383663,5.840934064131549,1.3955468704066538,4.661702688648794,0.017864775587847517,0.0029321317628476784,False,-0.39333675862802275,P01/markowitz_ridge,-0.1658668916832875,78.04610629205126
R03,ledoit_wolf_markowitz_ridge_reference,ORIGINAL covariance10%,uniform_empirical_markowitz_ridge_reference,1990-01-31,2023-12-31,408,885698,0.2644312856239712,0.12087532309986464,2.1876366394942637,0.32886394773929917,7.208336668061095,1.9129644932983476,5.776180078874031,0.017864775587847517,0.0029321317628476784,False,-0.2642901762851433,P01/markowitz_ridge,0.04880243606022061,78.04610629205126
R03,ledoit_wolf_markowitz_xgboost_native,variant covariance10%,uniform_empirical_markowitz_xgboost_native,1990-01-31,2023-12-31,408,885698,0.32151175231434165,0.15006280602141042,2.1425145966447507,0.2088342194548114,9.842564605830166,1.311844726681053,8.116424482636932,0.017858480446386764,0.003283475850303974,False,-0.22805647706132337,P01/markowitz_ml,-0.1990755854159918,78.04610629205126
R03,ledoit_wolf_markowitz_xgboost_reference,ORIGINAL covariance10%,uniform_empirical_markowitz_xgboost_reference,1990-01-31,2023-12-31,408,885698,0.3359193021241301,0.15450264449200918,2.174197750650823,0.2082470754742347,10.416967158158686,1.4822333220551427,8.559190843416168,0.017858480446386764,0.003283475850303974,False,-0.2343406298651285,P01/markowitz_ml,-0.16739243140991933,78.04610629205126
R04,native_minimum_variance_reference,ORIGINAL covariance10%; reference-scaled MVP is not net-one,reference-scaled control,1990-01-31,2023-12-31,408,885698,0.1486304063275079,0.15649830571500162,0.9497253382293996,0.3995122360467316,7.101007618460012,2.895530232811483,4.948764187744882,,,False,0.0,R03/original MVP reference-scaled (not net-one),0.0,47.37964425003156
R04,native_markowitz_ridge_reference,ORIGINAL covariance10%,reference-scaled control,1990-01-31,2023-12-31,408,885698,0.2910467801546279,0.13607729841206606,2.1388342034340435,0.38380642941710574,7.936548938509676,2.2474418879318785,5.788140485899817,0.017864775587847517,0.0029321317628476784,False,0.0,P01/markowitz_ridge,4.440892098500626e-16,47.37964425003156
R04,native_markowitz_xgboost_reference,ORIGINAL covariance10%,reference-scaled control,1990-01-31,2023-12-31,408,885698,0.36765201835808237,0.15700954897006192,2.3415901820607425,0.3040612413066941,9.660063853707117,2.291349447599081,7.750182883613689,0.017858480446386764,0.003283475850303974,False,0.0,P01/markowitz_ml,0.0,47.37964425003156
R04,pca90_minimum_variance_native,native net-one MVP,P01/minimum_variance,1990-01-31,2023-12-31,408,885698,0.0794215998807731,0.09202233369359937,0.863068743129444,0.2790391131160319,3.8140906820803004,1.0000000000000027,2.6041147069340247,,,False,-0.08537986683468046,P01/minimum_variance,-0.08537986683468046,47.37964425003156
R04,pca90_minimum_variance_reference,ORIGINAL covariance10%; reference-scaled MVP is not net-one,native_minimum_variance_reference,1990-01-31,2023-12-31,408,885698,0.110474540589693,0.11663793088488507,0.9471579249697512,0.28656281334035827,5.002042134633644,2.421850718935758,3.3592773234360567,,,False,-0.0025674132596484878,R03/original MVP reference-scaled (not net-one),-0.0025674132596484878,47.37964425003156
R04,pca90_markowitz_ridge_native,variant covariance10%,P01/markowitz_ridge,1990-01-31,2023-12-31,408,885698,0.4736199795528745,0.21652751871426576,2.187343125553816,0.5107643224526166,10.811520383180795,3.475866189132485,7.6770777007524975,0.017864775587847517,0.0029321317628476784,False,0.04850892211977298,P01/markowitz_ridge,0.04850892211977298,47.37964425003156
R04,pca90_markowitz_ridge_reference,ORIGINAL covariance10%,native_markowitz_ridge_reference,1990-01-31,2023-12-31,408,885698,0.258397163807619,0.11426609686008231,2.261363351931271,0.289597748647921,5.684596360427511,1.8429500735327304,4.077047626703001,0.017864775587847517,0.0029321317628476784,False,0.12252914849722751,P01/markowitz_ridge,0.12252914849722796,47.37964425003156
R04,pca90_markowitz_xgboost_native,variant covariance10%,P01/markowitz_ml,1990-01-31,2023-12-31,408,885698,0.4892379091138457,0.2131876415279465,2.2948699352711404,0.40257886619226835,10.37962458244296,3.8642846314286854,7.76975366491794,0.017858480446386764,0.003283475850303974,False,-0.04672024678960218,P01/markowitz_ml,-0.04672024678960218,47.37964425003156
R04,pca90_markowitz_xgboost_reference,ORIGINAL covariance10%,native_markowitz_xgboost_reference,1990-01-31,2023-12-31,408,885698,0.29240820496216313,0.12255507150206031,2.385933126865724,0.1988520244739974,6.022712076667993,1.962197174550635,4.595553127263066,0.017858480446386764,0.003283475850303974,False,0.044342944804981244,P01/markowitz_ml,0.044342944804981244,47.37964425003156
R04_TUNED,minimum_variance_native,native net-one MVP,P01/minimum_variance,1990-01-31,2023-12-31,408,885698,0.07757454039748236,0.0997012288054568,0.7780700531670538,0.2735042643380011,3.8465947787102963,1.0000000000000033,2.644962098434639,0.017858480446386764,0.003283475850303974,False,-0.1703785567970707,P01/minimum_variance,-0.1703785567970707,351.6388933749986
R04_TUNED,markowitz_xgboost_native,variant covariance10%,P01/markowitz_ml,1990-01-31,2023-12-31,408,885698,0.4731879915980312,0.2484321669051662,1.904696954073024,0.6291821028921429,10.487031319072175,4.476459212686817,7.851732624721587,0.017858480446386764,0.003283475850303974,False,-0.43689322798771846,P01/markowitz_ml,-0.43689322798771846,351.6388933749986
R04_TUNED,markowitz_xgboost_reference,ORIGINAL covariance10%,P01/markowitz_ml,1990-01-31,2023-12-31,408,885698,0.2864097745586359,0.12593607996916356,2.274247178638287,0.28866462644719926,6.178608127486452,2.017263303292147,4.799166603568419,0.017858480446386764,0.003283475850303974,False,-0.06734300342245536,P01/markowitz_ml,-0.06734300342245536,351.6388933749986
R05,minimum_variance_native,native net-one MVP,P01/minimum_variance,1990-01-31,2023-12-31,408,885698,0.08879572713823213,0.09184396239132574,0.9668107170713542,0.2473811870943009,3.640246116874319,1.000000000000004,2.3123806295688545,0.017858480446386767,0.003283475850303863,False,0.01836210710722974,P01/minimum_variance,0.01836210710722974,940.6415802919655
R05,markowitz_xgboost_native,variant covariance10%,P01/markowitz_ml,1990-01-31,2023-12-31,408,885698,0.37971285863565574,0.16860017812325825,2.252149807090119,0.33145889087537983,9.665475953346762,2.292746825536321,7.280122922054487,0.017858480446386767,0.003283475850303863,False,-0.08944037497062363,P01/markowitz_ml,-0.08944037497062363,940.6415802919655
R05,markowitz_xgboost_reference,ORIGINAL covariance10%,P01/markowitz_ml,1990-01-31,2023-12-31,408,885698,0.2925802398264299,0.12673300213125108,2.3086349641068162,0.25709936363052743,7.325483036885007,1.7780187275223212,5.596294863121356,0.017858480446386767,0.003283475850303863,False,-0.03295521795392631,P01/markowitz_ml,-0.03295521795392631,940.6415802919655
R06,minimum_variance_native,native net-one MVP,P01/minimum_variance,1990-01-31,2023-12-31,408,885698,0.06562580449312198,0.1012030223983117,0.6484569624297779,0.33119402003066234,3.4039188919364207,1.0000000000000047,1.7118883364601345,0.017858480446386767,0.003283475850303863,False,-0.2999916475343466,P01/minimum_variance,-0.2999916475343466,945.6418349170126
R06,markowitz_xgboost_native,variant covariance10%,P01/markowitz_ml,1990-01-31,2023-12-31,408,885698,0.4686010533271074,0.2580924565730042,1.8156325045267587,0.4444919390151679,11.542196451776775,1.8967090612900308,8.323440654443694,0.017858480446386767,0.003283475850303863,False,-0.5259576775339838,P01/markowitz_ml,-0.5259576775339838,945.6418349170126
R06,markowitz_xgboost_reference,ORIGINAL covariance10%,P01/markowitz_ml,1990-01-31,2023-12-31,408,885698,0.2079958076784889,0.10508666504248483,1.9792787942637593,0.17525038821609018,4.89785206147556,0.9027497061053216,3.653054846088485,0.017858480446386767,0.003283475850303863,False,-0.36231138779698324,P01/markowitz_ml,-0.36231138779698324,945.6418349170126
R07,minimum_variance_native,native net-one MVP,P01/minimum_variance,1990-01-31,2023-12-31,408,885698,0.09181905419952127,0.09687576015766844,0.9478021545336293,0.25088339623789246,4.344358590019746,1.0000000000000036,3.0841569075552835,0.017858480446386767,0.003283475850303863,False,-0.0006464554304952408,P01/minimum_variance,-0.0006464554304952408,24.69692999997642
R07,markowitz_xgboost_native,variant covariance10%,P01/markowitz_ml,1990-01-31,2023-12-31,408,885698,0.36511678949148085,0.1557012543775763,2.344982967228195,0.3013972754022345,9.60688109810387,2.2569138232277006,7.72871589028101,0.017858480446386767,0.003283475850303863,False,0.003392785167452672,P01/markowitz_ml,0.003392785167452672,24.69692999997642
R07,markowitz_xgboost_reference,ORIGINAL covariance10%,P01/markowitz_ml,1990-01-31,2023-12-31,408,885698,0.3677171807849385,0.15692302623050827,2.3432965168845854,0.30521347108793717,9.676548944993147,2.2919580904098207,7.7808820748422,0.017858480446386767,0.003283475850303863,False,0.0017063348238428588,P01/markowitz_ml,0.0017063348238428588,24.69692999997642
R08_CORRELATION,minimum_variance_native,native net-one MVP,P01/minimum_variance,1990-01-31,2023-12-31,408,885698,0.09152241671300353,0.09733969555096134,0.9402373429973158,0.24596174603427123,4.390295972049267,1.0000000000000049,3.1341058945315248,0.017858480446386764,0.003283475850303974,False,-0.008211266966808739,P01/minimum_variance,-0.008211266966808739,28.97774975001812
R08_CORRELATION,markowitz_xgboost_native,variant covariance10%,P01/markowitz_ml,1990-01-31,2023-12-31,408,885698,0.36246800208682917,0.1554510506885019,2.331717929736962,0.30876461281862233,9.623282927849267,2.2437605659749944,7.779112462935271,0.017858480446386764,0.003283475850303974,False,-0.00987225232378064,P01/markowitz_ml,-0.00987225232378064,28.97774975001812
R08_CORRELATION,markowitz_xgboost_reference,ORIGINAL covariance10%,P01/markowitz_ml,1990-01-31,2023-12-31,408,885698,0.364962465273471,0.15690519429591573,2.326006267104001,0.3143768096813635,9.670475908815435,2.276953809720353,7.819379279497804,0.017858480446386764,0.003283475850303974,False,-0.015583914956741385,P01/markowitz_ml,-0.015583914956741385,28.97774975001812
R08_EXPANDING_CORRELATION,minimum_variance_native,native net-one MVP,P01/minimum_variance,1990-01-31,2023-12-31,408,885698,0.07539788632565936,0.09617044528227618,0.7840026746715592,0.2990983088327015,4.442500328912868,1.0000000000000036,3.1948149372067376,0.017858480446386767,0.003283475850303863,False,-0.16444593529256535,P01/minimum_variance,-0.16444593529256535,68.7403831249685
R08_EXPANDING_CORRELATION,markowitz_xgboost_native,variant covariance10%,P01/markowitz_ml,1990-01-31,2023-12-31,408,885698,0.32838899381679854,0.1500927047282521,2.187907762814708,0.3155777748095283,9.583376488441235,1.8884324245556958,7.855154443122409,0.017858480446386767,0.003283475850303863,False,-0.15368241924603465,P01/markowitz_ml,-0.15368241924603465,68.7403831249685
R08_EXPANDING_CORRELATION,markowitz_xgboost_reference,ORIGINAL covariance10%,P01/markowitz_ml,1990-01-31,2023-12-31,408,885698,0.33760983235818076,0.15433432778842127,2.187522615325179,0.32590941147888663,9.844925408525194,2.0335537916321558,8.055342191127146,0.017858480446386767,0.003283475850303863,False,-0.15406756673556332,P01/markowitz_ml,-0.15406756673556332,68.7403831249685
R08_EXPANDING_VARIANCE,minimum_variance_native,native net-one MVP,P01/minimum_variance,1990-01-31,2023-12-31,408,885698,0.0976386086350575,0.09563643213871263,1.0209352905746303,0.27818744842144283,4.108702867036747,1.0000000000000038,2.923570847795576,0.017858480446386767,0.003283475850303863,False,0.07248668061050578,P01/minimum_variance,0.07248668061050578,68.58460125001147
R08_EXPANDING_VARIANCE,markowitz_xgboost_native,variant covariance10%,P01/markowitz_ml,1990-01-31,2023-12-31,408,885698,0.3729736147313173,0.15364614145077443,2.4274844210833084,0.225942011919105,9.557993317032485,1.6885860710700948,7.722979091507747,0.017858480446386767,0.003283475850303863,False,0.08589423902256588,P01/markowitz_ml,0.08589423902256588,68.58460125001147
R08_EXPANDING_VARIANCE,markowitz_xgboost_reference,ORIGINAL covariance10%,P01/markowitz_ml,1990-01-31,2023-12-31,408,885698,0.36404836850833605,0.14859935413712924,2.449865079308406,0.23507120088162792,9.520394519815516,1.7819270783704342,7.681464541725525,0.017858480446386767,0.003283475850303863,False,0.10827489724766348,P01/markowitz_ml,0.10827489724766348,68.58460125001147
R08_VARIANCE,minimum_variance_native,native net-one MVP,P01/minimum_variance,1990-01-31,2023-12-31,408,885698,0.09754125251862836,0.0946677807905133,1.0303532173683636,0.2620995592700107,4.437804236104252,1.0000000000000042,3.1230711292995545,0.017858480446386764,0.003283475850303974,False,0.0819046074042391,P01/minimum_variance,0.0819046074042391,28.317665708018467
R08_VARIANCE,markowitz_xgboost_native,variant covariance10%,P01/markowitz_ml,1990-01-31,2023-12-31,408,885698,0.36867092732377327,0.15484392042482392,2.380919614488587,0.2440711886206417,9.644398181929814,1.6931728317117671,7.7193721954562475,0.017858480446386764,0.003283475850303974,False,0.03932943242784459,P01/markowitz_ml,0.03932943242784459,28.317665708018467
R08_VARIANCE,markowitz_xgboost_reference,ORIGINAL covariance10%,P01/markowitz_ml,1990-01-31,2023-12-31,408,885698,0.36117904298784065,0.15018916771049595,2.404827515151079,0.24325317121621126,9.653011606840687,1.7479674584103133,7.70893173639509,0.017858480446386764,0.003283475850303974,False,0.06323733309033663,P01/markowitz_ml,0.06323733309033663,28.317665708018467
R10_DD10,minimum_variance_native,native net-one MVP,P01/minimum_variance,1990-01-31,2023-12-31,408,885698,0.09178970180867259,0.0970903398439575,0.9454050934026594,0.26731226423484966,4.272116443251472,1.0000000000000038,3.1696686056839285,0.017858480446386767,0.003283475850303863,False,-0.003043516561465065,P01/minimum_variance,-0.003043516561465065,29.170183625014033
R10_DD10,markowitz_xgboost_native,variant covariance10%,P01/markowitz_ml,1990-01-31,2023-12-31,408,885698,0.39313856074925224,0.17334610597067307,2.2679399606228476,0.35204965413169,9.998780975542797,3.73418524780625,8.158598959143665,0.017858480446386767,0.003283475850303863,False,-0.0736502214378949,P01/markowitz_ml,-0.0736502214378949,29.170183625014033
R10_DD10,markowitz_xgboost_reference,ORIGINAL covariance10%,P01/markowitz_ml,1990-01-31,2023-12-31,408,885698,0.3454070676416485,0.14355710459289403,2.406060421886956,0.24764695441957085,8.616228450205382,2.156616438099206,7.121371695071983,0.017858480446386767,0.003283475850303863,False,0.06447023982621358,P01/markowitz_ml,0.06447023982621358,29.170183625014033
R10_DD15,minimum_variance_native,native net-one MVP,P01/minimum_variance,1990-01-31,2023-12-31,408,885698,0.0894965580548521,0.0965858294214844,0.9266013305565156,0.22338465066523638,4.300656404480232,1.0000000000000029,3.189399711980381,0.017858480446386767,0.003283475850303863,False,-0.02184727940760889,P01/minimum_variance,-0.02184727940760889,31.487578583008144
R10_DD15,markowitz_xgboost_native,variant covariance10%,P01/markowitz_ml,1990-01-31,2023-12-31,408,885698,0.3892302665933527,0.16458364652217367,2.3649388916711924,0.27875373685852534,9.90459881457681,2.367533990304184,8.041513126924361,0.017858480446386767,0.003283475850303863,False,0.02334870961044988,P01/markowitz_ml,0.02334870961044988,31.487578583008144
R10_DD15,markowitz_xgboost_reference,ORIGINAL covariance10%,P01/markowitz_ml,1990-01-31,2023-12-31,408,885698,0.3462187470990298,0.14688714348171159,2.3570391451048693,0.2759030429942526,8.838846895617012,2.187740055676763,7.2301339830243245,0.017858480446386767,0.003283475850303863,False,0.015448963044126796,P01/markowitz_ml,0.015448963044126796,31.487578583008144
R10_DD20,minimum_variance_native,native net-one MVP,P01/minimum_variance,1990-01-31,2023-12-31,408,885698,0.08595901116085727,0.09870005457145119,0.8709114856530258,0.22373983684792453,4.295590532272402,1.0000000000000047,3.117593006855683,0.017858480446386767,0.003283475850303863,False,-0.07753712431109872,P01/minimum_variance,-0.07753712431109872,30.548983332992066
R10_DD20,markowitz_xgboost_native,variant covariance10%,P01/markowitz_ml,1990-01-31,2023-12-31,408,885698,0.38096861052922787,0.16617621839939548,2.2925579496194253,0.27555570798767504,9.798937578228472,2.3628648989185788,7.885966389310625,0.017858480446386767,0.003283475850303863,False,-0.04903223244131727,P01/markowitz_ml,-0.04903223244131727,30.548983332992066
R10_DD20,markowitz_xgboost_reference,ORIGINAL covariance10%,P01/markowitz_ml,1990-01-31,2023-12-31,408,885698,0.3448315900893142,0.14864271520324807,2.319868751171595,0.2765233029097899,9.03146176860821,2.2638234066771368,7.2970334428765025,0.017858480446386767,0.003283475850303863,False,-0.021721430889147353,P01/markowitz_ml,-0.021721430889147353,30.548983332992066
T02,minimum_variance_native,native net-one MVP,P01/minimum_variance,1990-01-31,2023-12-31,408,885698,0.08145248016899556,0.12083849655573388,0.6740606883620697,0.36177968854239617,4.30584065024838,1.0000000000000036,3.181172087384829,0.017858480446386764,0.003283475850303974,False,-0.27438792160205483,P01/minimum_variance,-0.27438792160205483,265.02145070797997
T02,markowitz_xgboost_native,variant covariance10%,P01/markowitz_ml,1990-01-31,2023-12-31,408,885698,0.37678490267587494,0.18605943917667878,2.0250781381646896,0.5169783298656354,10.102745419624405,2.641642878841379,7.983020339671666,0.017858480446386764,0.003283475850303974,False,-0.3165120438960529,P01/markowitz_ml,-0.3165120438960529,265.02145070797997
T02,markowitz_xgboost_reference,ORIGINAL covariance10%,P01/markowitz_ml,1990-01-31,2023-12-31,408,885698,0.3186484270235047,0.14231489871277497,2.2390377248316944,0.28149842219607046,7.8814264450716465,1.9109216623565413,6.3733974765042225,0.017858480446386764,0.003283475850303974,False,-0.10255245722904816,P01/markowitz_ml,-0.10255245722904816,265.02145070797997
T03,ridge_rank_deciles,equal-weight deciles; no fixed volatility budget,P01/ridge,1990-01-31,2023-12-31,408,885698,0.14180481169411407,0.1917031479338962,0.7397103971553547,0.5462414495777278,1.9999999999999982,5.377642775528102e-17,1.4327526762557419,,,False,0.0,P01/ridge,0.0,26.443410208041314
T03,ridge_rank_markowitz,ORIGINAL covariance10% Markowitz,P01/markowitz_ridge,1990-01-31,2023-12-31,408,885698,0.2158442748450053,0.10893776639498894,1.9813539600435022,0.2631427750626214,9.971621835138713,0.3612532773789414,6.8100871106638285,,,False,-0.1574802433905409,P01/markowitz_ridge,-0.1574802433905409,26.443410208041314
T03,xgboost_rank_deciles,equal-weight deciles; no fixed volatility budget,P01/factor_ml,1990-01-31,2023-12-31,408,885698,0.1433100802717554,0.20358556332707106,0.7039304650571913,0.5915207946020113,1.9999999999999987,2.796374243274613e-15,1.6060222628505203,,,False,0.0,P01/factor_ml,0.0,26.443410208041314
T03,xgboost_rank_markowitz,ORIGINAL covariance10% Markowitz,P01/markowitz_ml,1990-01-31,2023-12-31,408,885698,0.27758810861723876,0.13461255845637377,2.0621263855348353,0.16193066231196673,11.860995703068504,0.318612551573454,9.541611149433487,,,False,-0.27946379652590725,P01/markowitz_ml,-0.27946379652590725,26.443410208041314
T04,country_median_ridge_deciles,equal-weight deciles; no fixed volatility budget,P01/ridge,1990-01-31,2023-12-31,408,885698,0.1406617346124567,0.18956753162880455,0.7420138533421898,0.5530660325038929,1.9999999999999982,5.377642775528102e-17,1.4007733409271397,0.017865114520865488,0.002913215251971746,False,0.00230345618683514,P01/ridge,0.00230345618683514,3296.812254666991
T04,country_median_ridge_markowitz,ORIGINAL covariance10% Markowitz,P01/markowitz_ridge,1990-01-31,2023-12-31,408,885698,0.2837957174556075,0.13487592164940254,2.104124398076835,0.3826723848929864,7.934427702966744,2.2476007652735497,5.730558769336272,0.017865114520865488,0.002913215251971746,False,-0.03470980535720791,P01/markowitz_ridge,-0.03470980535720791,3296.812254666991
T04,country_median_xgboost_deciles,equal-weight deciles; no fixed volatility budget,P01/factor_ml,1990-01-31,2023-12-31,408,885698,0.07937709862892249,0.2032402943535043,0.3905578806673966,0.5331210227199515,1.9999999999999987,5.918876500032866e-15,1.9998619479942081,0.01797722668976557,-0.003343982925468003,False,-0.31337258438979465,P01/factor_ml,-0.31337258438979465,3296.812254666991
T04,country_median_xgboost_markowitz,ORIGINAL covariance10% Markowitz,P01/markowitz_ml,1990-01-31,2023-12-31,408,885698,0.0992563907455696,0.12547695448688423,0.7910328326939479,0.35502173263296666,10.677119592444411,2.28655254027356,9.620979435481422,0.01797722668976557,-0.003343982925468003,False,-1.5505573493667946,P01/markowitz_ml,-1.5505573493667946,3296.812254666991
T04_RISK,minimum_variance_native,native net-one MVP,P01/minimum_variance,1990-01-31,2023-12-31,408,885698,0.09132318031838357,0.09735645906307286,0.9380289833591771,0.25357998295702666,4.370737961870565,1.0000000000000038,3.089269341008659,0.017858480446386764,0.003283475850303974,False,-0.01041962660494744,P01/minimum_variance,-0.01041962660494744,299.9897148750024
T04_RISK,markowitz_xgboost_native,variant covariance10%,P01/markowitz_ml,1990-01-31,2023-12-31,408,885698,0.3676592495667225,0.1567643487792322,2.345298866928532,0.309588468743915,9.665663006970789,2.2931351854948727,7.7499485550295155,0.017858480446386764,0.003283475850303974,False,0.0037086848677896356,P01/markowitz_ml,0.0037086848677896356,299.9897148750024
T04_RISK,markowitz_xgboost_reference,ORIGINAL covariance10%,P01/markowitz_ml,1990-01-31,2023-12-31,408,885698,0.3665308880423949,0.1562540425414106,2.345736993942135,0.30928240915426486,9.63697351789558,2.2872114771556347,7.727342828189163,0.017858480446386764,0.003283475850303974,False,0.0041468118813923205,P01/markowitz_ml,0.0041468118813923205,299.9897148750024
T05,minimum_variance_native,native net-one MVP,P01/minimum_variance,1990-01-31,2023-12-31,408,885698,0.09239029740252622,0.09741184275089766,0.9484503607922439,0.2525759628370178,4.368121113341417,1.0000000000000033,3.0908483482584486,0.017858480446386764,0.003283475850303974,False,1.7508281193734376e-06,P01/minimum_variance,1.7508281193734376e-06,268.7021424170234
T05,markowitz_xgboost_native,variant covariance10%,P01/markowitz_ml,1990-01-31,2023-12-31,408,885698,0.3676514474411009,0.1570094645549939,2.3415878048060463,0.304061241306984,9.660067284257742,2.291348331850068,7.750188588353726,0.017858480446386764,0.003283475850303974,False,-2.377254696206421e-06,P01/markowitz_ml,-2.377254696206421e-06,268.7021424170234
T05,markowitz_xgboost_reference,ORIGINAL covariance10%,P01/markowitz_ml,1990-01-31,2023-12-31,408,885698,0.3676513193937516,0.15700942087586525,2.341587640683192,0.30406124130698,9.660065530734059,2.2913457301828415,7.750187017735517,0.017858480446386764,0.003283475850303974,False,-2.5413775506244463e-06,P01/markowitz_ml,-2.5413775506244463e-06,268.7021424170234
T07,industry_median_ridge_deciles,equal-weight deciles; no fixed volatility budget,P01/ridge,1990-01-31,2023-12-31,408,885698,0.13871383026988607,0.19650053562383002,0.7059208761416931,0.5700872703633968,1.9999999999999982,7.979727989493313e-17,1.4151450740712894,0.01786809230529421,0.0027470193119324415,False,-0.033789521013661616,P01/ridge,-0.033789521013661616,3252.6440229170257
T07,industry_median_ridge_markowitz,ORIGINAL covariance10% Markowitz,P01/markowitz_ridge,1990-01-31,2023-12-31,408,885698,0.2857989499823475,0.1349352393478746,2.1180453035365603,0.38040240639861367,8.043054774723261,2.247797422402436,5.812082112155336,0.01786809230529421,0.0027470193119324415,False,-0.020788899897482782,P01/markowitz_ridge,-0.020788899897482782,3252.6440229170257
T07,industry_median_xgboost_deciles,equal-weight deciles; no fixed volatility budget,P01/factor_ml,1990-01-31,2023-12-31,408,885698,0.09150679596104187,0.19249886177730002,0.4753627897649865,0.5262979010556101,1.999999999999998,3.544040061420617e-15,2.056406999299068,0.017983297338509636,-0.0036827976378217553,False,-0.22856767529220473,P01/factor_ml,-0.22856767529220473,3252.6440229170257
T07,industry_median_xgboost_markowitz,ORIGINAL covariance10% Markowitz,P01/markowitz_ml,1990-01-31,2023-12-31,408,885698,0.22507237039733116,0.13450311432426101,1.6733617769974096,0.3373746201181277,10.091264759444043,2.354691096946505,9.385441495736929,0.017983297338509636,-0.0036827976378217553,False,-0.6682284050633329,P01/markowitz_ml,-0.6682284050633329,3252.6440229170257
T07_RISK,minimum_variance_native,native net-one MVP,P01/minimum_variance,1990-01-31,2023-12-31,408,885698,0.09275968458539136,0.10130218605611492,0.9156730787034392,0.28193712447062746,4.441620914457389,1.0000000000000038,2.9939710837710467,0.017858480446386764,0.003283475850303974,False,-0.03277553126068533,P01/minimum_variance,-0.03277553126068533,304.14703812496737
T07_RISK,markowitz_xgboost_native,variant covariance10%,P01/markowitz_ml,1990-01-31,2023-12-31,408,885698,0.3706822662179468,0.15791416385442333,2.347365538151907,0.2977699227957826,9.757411941839518,2.2947869693181477,7.744011957861433,0.017858480446386764,0.003283475850303974,False,0.005775356091164419,P01/markowitz_ml,0.005775356091164419,304.14703812496737
T07_RISK,markowitz_xgboost_reference,ORIGINAL covariance10%,P01/markowitz_ml,1990-01-31,2023-12-31,408,885698,0.35716710883500047,0.15085501242747212,2.3676184376486584,0.26988639469861164,9.291369400201729,2.2630489555131237,7.416050075073165,0.017858480446386764,0.003283475850303974,False,0.026028255587915883,P01/markowitz_ml,0.026028255587915883,304.14703812496737
P04_INHERITED,factor_ml,equal-weight deciles; no fixed risk budget,P01/factor_ml,1990-01-31,2023-12-31,408,885698,0.20906806092547225,0.17023579710039505,1.2281086850503964,0.3966261569786028,1.9999999999999982,9.71445146547012e-17,1.973205491447962,0.017837879270097317,0.004433267563336729,False,0.5241782199932051,,,9227.109721333953
P04_INHERITED,markowitz_ml,"ORIGINAL covariance, estimated 10% annual budget",P01/markowitz_ml,1990-01-31,2023-12-31,408,885698,0.4398746195963176,0.1489383308685543,2.953401028674945,0.30330932910988895,10.097436792740234,1.8443952730665039,8.730154725706795,0.017837879270097317,0.004433267563336729,False,0.6118108466142025,,,9227.109721333953
P05_EXPANDING_INHERITED,factor_ml,equal-weight deciles; no fixed risk budget,P01/factor_ml,1990-01-31,2023-12-31,408,885698,0.1774848388023309,0.18629914955263582,0.9526873269605851,0.4411796928378693,1.9999999999999982,1.0304257447302234e-15,1.7833414633026805,0.017859847529063912,0.003207176307446269,False,0.24875686190339386,,,16505.11736708309
P05_EXPANDING_INHERITED,markowitz_ml,"ORIGINAL covariance, estimated 10% annual budget",P01/markowitz_ml,1990-01-31,2023-12-31,408,885698,0.42418256156979595,0.15572186156145115,2.7239756660782306,0.3448655292696624,9.890436884656859,1.7865882715836487,8.154367463587661,0.017859847529063912,0.003207176307446269,False,0.38238548401748806,,,16505.11736708309
P09_FACTOR_XGB,markowitz_ml,"ORIGINAL covariance, estimated 10% annual budget",P01/markowitz_ml,1990-01-31,2023-12-31,408,885698,0.3829001821559038,0.11638482165122546,3.2899494686975115,0.14333158498719767,8.570551301963539,1.1986380309602,7.465902827571669,0.01785628547009898,0.0034059817456246755,False,0.9483592866367689,,,3591.8660764159868
P07_R01,markowitz_ml,native changed-risk scaling,P01/markowitz_ml,,,408,885698,0.457835801868154,0.15983294511229035,2.86446452917765,0.19291768341983007,8.781958570037895,,7.1624835846692685,,,,0.5228743471169075,P07/markowitz_ml,-0.5684937477595171,27.780589082976803
P07_R01,markowitz_ml_reference,original-risk reference scaling,P01/markowitz_ml,,,408,885698,0.3040171315109652,0.0998197002194895,3.0456626381613474,0.16376868524123,6.446041126132518,,5.205692423467987,,,,0.7040724561006049,P07/markowitz_ml,-0.38729563877581974,27.780589082976803
P08_R01,markowitz_ml,native changed-risk scaling,P01/markowitz_ml,,,408,885698,0.4475612586506702,0.1653735802486176,2.706364934337276,0.14639556605051007,8.778715644905498,,8.122994003876826,,,,0.36477475227653366,P08/markowitz_ml,-0.7691742297415489,39.83967124996707
P08_R01,markowitz_ml_reference,original-risk reference scaling,P01/markowitz_ml,,,408,885698,0.2951845900588559,0.10077824063704674,2.9290508366976207,0.11576099559337383,6.455154087666451,,5.946787074569359,,,,0.5874606546368781,P08/markowitz_ml,-0.5464883273812045,39.83967124996707
E08_C021_R08V1,markowitz_ml,original covariance risk scaling,P01/markowitz_ml,1990-01-31,2023-12-31,408,885698,0.432957560981011,0.12156744933909931,3.561459612213484,0.18052961698335557,7.138170106287416,1.1934426523320236,5.928785153452229,0.017836715362373173,0.004498227516941067,False,1.2198694301527415,,,4016.130091540981
P08_C021_R08V1,markowitz_ml,original covariance risk scaling,P01/markowitz_ml,1990-01-31,2023-12-31,408,885698,0.4006984538514591,0.11173208340677264,3.5862434641326195,0.20226447146516013,7.228575686887218,0.9175568793722635,6.384138722385529,0.01786796967475548,0.002753863560785552,False,1.244653282071877,,,706.1124085419578
V01,ridge,native original allocation,P01/ridge,1990-01-31,2023-12-31,408,885698,0.134026412768663,0.19091358671625297,0.702026582151332,0.5462414495777277,1.9999999999999982,5.377642775528102e-17,1.2765191486765703,0.017865151180821486,0.002911169188532736,False,-0.037683815004022736,,,2556.5896093749907
V01,factor_ml,native original allocation,P01/factor_ml,1990-01-31,2023-12-31,408,885698,0.14014631133754785,0.1948489831269463,0.7192560571190714,0.493443595830227,1.9999999999999982,3.328934350399493e-15,1.5161928118445345,0.017856618668484762,0.0033873852957236883,False,0.015325592061880111,,,2556.5896093749907
V01,minimum_variance,native original allocation,P01/minimum_variance,1990-01-31,2023-12-31,408,885698,0.0923901084037031,0.09741182330078779,0.9484486099641245,0.2525759628344054,4.368120880668365,1.0000000000000036,3.0908474107352135,,,False,0.0,,,2556.5896093749907
V01,markowitz_ridge,native original allocation,P01/markowitz_ridge,1990-01-31,2023-12-31,408,885698,0.27276091011456527,0.135262929405429,2.0165237535038743,0.3174853300599114,7.7750952679254555,2.2474418879318794,5.464663160620543,0.017865151180821486,0.002911169188532736,False,-0.12231044993016882,,,2556.5896093749907
V01,markowitz_ml,native original allocation,P01/markowitz_ml,1990-01-31,2023-12-31,408,885698,0.3199454548143042,0.14485555585407292,2.208720631582929,0.21907489013619197,9.338036550699385,2.374566156840866,7.269100737980365,0.017856618668484762,0.0033873852957236883,False,-0.13286955047781346,,,2556.5896093749907
